{
  "framework_name": "GoogleSignIn.framework",
  "static_framework": false,
  "resources": [
    "${PODS_CONFIGURATION_BUILD_DIR}/GoogleSignIn/GoogleSignIn.bundle"
  ],
  "resource_bundles": [
    "GoogleSignIn.bundle"
  ],
  "build_settings": {
    "BUILD_LIBRARY_FOR_DISTRIBUTION": "YES",
    "CODE_SIGN_IDENTITY[sdk=appletvos*]": "",
    "CODE_SIGN_IDENTITY[sdk=iphoneos*]": "",
    "CODE_SIGN_IDENTITY[sdk=watchos*]": "",
    "CURRENT_PROJECT_VERSION": "1",
    "DYLIB_COMPATIBILITY_VERSION": "1",
    "DYLIB_CURRENT_VERSION": "1",
    "DYLIB_INSTALL_NAME_BASE": "@rpath",
    "INFOPLIST_FILE": "Target Support Files/GoogleSignIn/GoogleSignIn-Info.plist",
    "INSTALL_PATH": "$(LOCAL_LIBRARY_DIR)/Frameworks",
    "LD_RUNPATH_SEARCH_PATHS": [
      "$(inherited)",
      "@executable_path/Frameworks",
      "@loader_path/Frameworks"
    ],
    "MODULEMAP_FILE": "Target Support Files/GoogleSignIn/GoogleSignIn.modulemap",
    "ONLY_ACTIVE_ARCH": "NO",
    "PRODUCT_MODULE_NAME": "GoogleSignIn",
    "PRODUCT_NAME": "GoogleSignIn",
    "SDKROOT": "iphoneos",
    "SKIP_INSTALL": "YES",
    "SWIFT_ACTIVE_COMPILATION_CONDITIONS": "$(inherited) ",
    "SWIFT_VERSION": "5.0",
    "TARGETED_DEVICE_FAMILY": "1,2",
    "VERSIONING_SYSTEM": "apple-generic",
    "VERSION_INFO_PREFIX": ""
  },
  "source_hash": null,
  "project_root": "/Users/lucasilverentand/GitHub/fyts/app"
}